time;user;action;place
23-12-23 02:26:09;nakyss;Join-Voice-Channel;Serveur test de Nakyss / G√©n√©ral
23-12-23 02:26:12;nakyss;Left-Voice-Channel;Serveur test de Nakyss / G√©n√©ral
23-12-23 02:26:30;nakyss;Join-Voice-Channel;Serveur test de Nakyss / G√©n√©ral
23-12-23 02:26:31;nakyss;Left-Voice-Channel;Serveur test de Nakyss / G√©n√©ral
23-12-23 14:28:35;nakyss;Join-Voice-Channel;Les Boys / OH C UN GATÔøΩ
23-12-23 14:54:35;nakyss;Left-Voice-Channel;Les Boys / OH C UN GATÔøΩ
23-12-23 15:22:28;nakyss;Join-Voice-Channel;Les Boys / OH C UN GAT√©
23-12-23 15:22:35;nakyss;Left-Voice-Channel;Les Boys / OH C UN GAT√©
23-12-23 15:22:38;nakyss;Join-Voice-Channel;Serveur test de Nakyss / G√©n√©ral
23-12-23 15:22:40;nakyss;Left-Voice-Channel;Serveur test de Nakyss / G√©n√©ral
23-12-23 15:22:43;nakyss;Join-Voice-Channel;Les Boys / OH C UN GAT√©
23-12-23 16:31:16;nakyss;Send-10-'caca';Serveur test de Nakyss / g√©n√©ral
23-12-23 16:33:11;nakyss;Send-10-'yes';Serveur test de Nakyss / g√©n√©ral
23-12-23 16:33:17;nakyss;Left-Voice-Channel;Les Boys / OH C UN GAT√©
23-12-23 16:33:17;nakyss;Join-Voice-Channel;Serveur test de Nakyss / G√©n√©ral
23-12-23 16:33:21;nakyss;Left-Voice-Channel;Serveur test de Nakyss / G√©n√©ral
23-12-23 16:33:31;nakyss;Join-Voice-Channel;Les Boys / OH C UN GAT√©
23-12-23 18:17:54;naga;Join-Voice-Channel;Les Boys / OH C UN GAT√©
23-12-23 19:32:35;nakyss;Left-Voice-Channel;Les Boys / OH C UN GAT√©
23-12-23 19:32:38;naga;Left-Voice-Channel;Les Boys / OH C UN GAT√©
23-12-23 19:32:39;nakyss;Join-Voice-Channel;Les Boys / OH C UN GAT√©
23-12-23 19:32:47;naga;Join-Voice-Channel;Les Boys / OH C UN GAT√©
23-12-23 19:53:47;nakyss;Join-Voice-Channel;Les Boys / OH C UN GAT√©
23-12-23 19:53:48;onizukal;Join-Voice-Channel;Les Boys / OH C UN GAT√©
23-12-23 19:54:27;naga;Join-Voice-Channel;Les Boys / OH C UN GAT√©
23-12-23 19:54:48;naga;Join-Voice-Channel;Les Boys / OH C UN GAT√©
23-12-23 19:59:32;nakyss;Left-Voice-Channel;Les Boys / OH C UN GAT√©
23-12-23 19:59:33;nakyss;Join-Voice-Channel;Les Boys / OH C UN GAT√©
23-12-23 19:59:39;onizukal;Left-Voice-Channel;Les Boys / OH C UN GAT√©
23-12-23 19:59:40;naga;Left-Voice-Channel;Les Boys / OH C UN GAT√©
23-12-23 19:59:40;onizukal;Join-Voice-Channel;Les Boys / OH C UN GAT√©
23-12-23 19:59:41;naga;Join-Voice-Channel;Les Boys / OH C UN GAT√©
23-12-23 19:59:43;nakyss;Send-34-'test';Serveur test de Nakyss / g√©n√©ral
23-12-23 20:28:54;naga;Left-Voice-Channel;Les Boys / OH C UN GAT√©
23-12-23 21:09:24;nakyss;Send-1500-'coucou double mlonstyrrezsfds fds';Serveur test de Nakyss / g√©n√©ral
23-12-23 23:25:27;nakyss;Left-Voice-Channel;Les Boys / OH C UN GAT√©
23-12-23 23:25:36;nakyss;Join-Voice-Channel;Les Boys / OH C UN GAT√©
23-12-23 23:33:17;naga;Join-Voice-Channel;Les Boys / OH C UN GAT√©
23-12-23 23:43:39;onizukal;Left-Voice-Channel;Les Boys / OH C UN GAT√©
23-12-23 23:46:43;onizukal;Join-Voice-Channel;Les Boys / OH C UN GAT√©
24-12-23 00:47:18;nakyss;Send-34-'https://cdn.discordapp.com/attachments/821779557895635007/1188266508950982726/image.png?ex=6599e66c&is=6587716c&hm=c8f965e2bb5f1f70e1419cea7d050396d33697768772b47e88b7f52d0aadd86f&';Les Boys / üí¨-g√©n√©ral
24-12-23 02:09:08;nakyss;Left-Voice-Channel;Les Boys / OH C UN GAT√©
24-12-23 02:28:52;onizukal;Left-Voice-Channel;Les Boys / OH C UN GAT√©
24-12-23 03:33:00;3l_shimizu;Join-Voice-Channel;Les Boys / OH C UN GAT√©
24-12-23 03:34:52;3l_shimizu;Left-Voice-Channel;Les Boys / OH C UN GAT√©
24-12-23 03:38:49;naga;Left-Voice-Channel;Les Boys / OH C UN GAT√©
24-12-23 14:57:00;nakyss;Join-Voice-Channel;Les Boys / OH C UN GAT√©
24-12-23 14:57:08;nakyss;Left-Voice-Channel;Les Boys / OH C UN GAT√©
24-12-23 14:57:10;nakyss;Join-Voice-Channel;Les Boys / salon aaifquaka
24-12-23 14:57:12;nakyss;Left-Voice-Channel;Les Boys / salon aaifquaka
24-12-23 14:57:12;nakyss;Join-Voice-Channel;Les Boys / il vont se blesser le zizi mutuellement
24-12-23 14:57:13;nakyss;Left-Voice-Channel;Les Boys / il vont se blesser le zizi mutuellement
24-12-23 14:57:14;nakyss;Join-Voice-Channel;Les Boys / salon aaifquaka
24-12-23 14:57:16;nakyss;Left-Voice-Channel;Les Boys / salon aaifquaka
24-12-23 14:57:16;nakyss;Join-Voice-Channel;Les Boys / OH C UN GAT√©
24-12-23 14:57:18;nakyss;Left-Voice-Channel;Les Boys / OH C UN GAT√©
24-12-23 14:57:19;nakyss;Join-Voice-Channel;Les Boys / il vont se blesser le zizi mutuellement
24-12-23 14:57:20;nakyss;Left-Voice-Channel;Les Boys / il vont se blesser le zizi mutuellement
24-12-23 14:57:20;nakyss;Join-Voice-Channel;Les Boys / salon aaifquaka
24-12-23 14:57:21;nakyss;Left-Voice-Channel;Les Boys / salon aaifquaka
24-12-23 14:57:29;nakyss;Join-Voice-Channel;Les Boys / OH C UN GAT√©
24-12-23 14:57:30;nakyss;Left-Voice-Channel;Les Boys / OH C UN GAT√©
24-12-23 14:57:32;nakyss;Join-Voice-Channel;Serveur test de Nakyss / G√©n√©ral
24-12-23 14:57:33;nakyss;Left-Voice-Channel;Serveur test de Nakyss / G√©n√©ral
24-12-23 14:57:34;nakyss;Join-Voice-Channel;Serveur test de Nakyss / G√©n√©ral
24-12-23 14:57:35;nakyss;Left-Voice-Channel;Serveur test de Nakyss / G√©n√©ral
24-12-23 14:57:36;nakyss;Join-Voice-Channel;Serveur test de Nakyss / G√©n√©ral
24-12-23 14:57:37;nakyss;Left-Voice-Channel;Serveur test de Nakyss / G√©n√©ral
24-12-23 17:59:11;nakyss;Join-Voice-Channel;Serveur test de Nakyss / G√©n√©ral
24-12-23 17:59:21;nakyss;Left-Voice-Channel;Serveur test de Nakyss / G√©n√©ral
25-12-23 16:45:50;onizukal;Join-Voice-Channel;Les Boys / OH C UN GAT√©
25-12-23 16:56:03;3l_shimizu;Join-Voice-Channel;Les Boys / OH C UN GAT√©
25-12-23 17:15:23;3l_shimizu;Left-Voice-Channel;Les Boys / OH C UN GAT√©
25-12-23 18:50:27;3l_shimizu;Join-Voice-Channel;Les Boys / OH C UN GAT√©
25-12-23 18:50:54;3l_shimizu;Left-Voice-Channel;Les Boys / OH C UN GAT√©
25-12-23 20:18:57;naga;Join-Voice-Channel;Les Boys / OH C UN GAT√©
25-12-23 20:53:04;3l_shimizu;Join-Voice-Channel;Les Boys / OH C UN GAT√©
25-12-23 20:58:55;3l_shimizu;Left-Voice-Channel;Les Boys / OH C UN GAT√©
25-12-23 21:12:24;3l_shimizu;Join-Voice-Channel;Les Boys / OH C UN GAT√©
25-12-23 21:56:42;3l_shimizu;Left-Voice-Channel;Les Boys / OH C UN GAT√©
25-12-23 23:12:23;3l_shimizu;Join-Voice-Channel;Les Boys / OH C UN GAT√©
25-12-23 23:19:44;onizukal;Left-Voice-Channel;Les Boys / OH C UN GAT√©
25-12-23 23:21:05;onizukal;Join-Voice-Channel;Les Boys / OH C UN GAT√©
25-12-23 23:21:17;3l_shimizu;Left-Voice-Channel;Les Boys / OH C UN GAT√©
26-12-23 00:39:07;onizukal;Left-Voice-Channel;Les Boys / OH C UN GAT√©
26-12-23 00:39:15;naga;Left-Voice-Channel;Les Boys / OH C UN GAT√©
26-12-23 17:08:31;onizukal;Join-Voice-Channel;Les Boys / OH C UN GAT√©
26-12-23 17:12:34;nakyss;Join-Voice-Channel;Les Boys / OH C UN GAT√©
26-12-23 18:39:28;nakyss;Left-Voice-Channel;Les Boys / OH C UN GAT√©
26-12-23 18:53:01;3l_shimizu;Join-Voice-Channel;Les Boys / OH C UN GAT√©
26-12-23 19:22:04;3l_shimizu;Left-Voice-Channel;Les Boys / OH C UN GAT√©
26-12-23 19:26:33;3l_shimizu;Join-Voice-Channel;Les Boys / OH C UN GAT√©
26-12-23 20:26:28;nakyss;Join-Voice-Channel;Les Boys / OH C UN GAT√©
26-12-23 22:05:46;nakyss;Join-Voice-Channel;Serveur test de Nakyss / G√©n√©ral
26-12-23 22:05:46;nakyss;Left-Voice-Channel;Les Boys / OH C UN GAT√©
26-12-23 22:05:47;onizukal;Left-Voice-Channel;Les Boys / OH C UN GAT√©
26-12-23 22:05:51;nakyss;Left-Voice-Channel;Serveur test de Nakyss / G√©n√©ral
26-12-23 22:05:51;nakyss;Join-Voice-Channel;Les Boys / OH C UN GAT√©
26-12-23 22:05:54;onizukal;Join-Voice-Channel;Les Boys / OH C UN GAT√©
26-12-23 22:16:14;nakyss;Left-Voice-Channel;Les Boys / OH C UN GAT√©
26-12-23 22:16:16;nakyss;Join-Voice-Channel;Les Boys / OH C UN GAT√©
26-12-23 22:35:09;nakyss;Left-Voice-Channel;Les Boys / OH C UN GAT√©
26-12-23 22:35:11;nakyss;Join-Voice-Channel;Les Boys / OH C UN GAT√©
26-12-23 22:38:08;onizukal;Left-Voice-Channel;Les Boys / OH C UN GAT√©
26-12-23 22:38:09;onizukal;Join-Voice-Channel;Les Boys / OH C UN GAT√©
26-12-23 22:38:13;onizukal;Left-Voice-Channel;Les Boys / OH C UN GAT√©
26-12-23 22:38:15;onizukal;Join-Voice-Channel;Les Boys / OH C UN GAT√©
26-12-23 22:38:28;onizukal;Left-Voice-Channel;Les Boys / OH C UN GAT√©
26-12-23 22:38:30;onizukal;Join-Voice-Channel;Les Boys / OH C UN GAT√©
26-12-23 23:07:37;nakyss;Left-Voice-Channel;Les Boys / OH C UN GAT√©
26-12-23 23:22:49;nakyss2;Left-Voice-Channel;Les Boys / OH C UN GAT√©
26-12-23 23:22:55;nakyss;Join-Voice-Channel;Les Boys / OH C UN GAT√©
26-12-23 23:37:46;nakyss;Send-3-'caca';Serveur test de Nakyss / g√©n√©ral
26-12-23 23:45:38;nakyss;Left-Voice-Channel;Les Boys / OH C UN GAT√©
26-12-23 23:45:38;nakyss;Join-Voice-Channel;Serveur test de Nakyss / G√©n√©ral
26-12-23 23:45:52;nakyss;Left-Voice-Channel;Serveur test de Nakyss / G√©n√©ral
26-12-23 23:45:52;nakyss;Join-Voice-Channel;Les Boys / OH C UN GAT√©
26-12-23 23:46:31;nakyss;Left-Voice-Channel;Les Boys / OH C UN GAT√©
26-12-23 23:46:31;nakyss;Join-Voice-Channel;Serveur test de Nakyss / G√©n√©ral
26-12-23 23:46:39;nakyss;Left-Voice-Channel;Serveur test de Nakyss / G√©n√©ral
26-12-23 23:46:39;nakyss;Join-Voice-Channel;Les Boys / OH C UN GAT√©
26-12-23 23:52:59;onizukal;Join-Voice-Channel;Serveur test de Nakyss / G√©n√©ral
26-12-23 23:52:59;onizukal;Left-Voice-Channel;Les Boys / OH C UN GAT√©
26-12-23 23:53:04;nakyss;Left-Voice-Channel;Les Boys / OH C UN GAT√©
26-12-23 23:53:04;nakyss;Join-Voice-Channel;Serveur test de Nakyss / G√©n√©ral
26-12-23 23:53:27;nakyss;Left-Voice-Channel;Serveur test de Nakyss / G√©n√©ral
26-12-23 23:53:27;nakyss;Join-Voice-Channel;Les Boys / OH C UN GAT√©
26-12-23 23:53:28;onizukal;Left-Voice-Channel;Serveur test de Nakyss / G√©n√©ral
26-12-23 23:53:28;onizukal;Join-Voice-Channel;Les Boys / OH C UN GAT√©
27-12-23 00:37:11;nakyss;Send-10-'3';Serveur test de Nakyss / g√©n√©ral
27-12-23 00:37:42;nakyss;Send-3-'test';Serveur test de Nakyss / g√©n√©ral
27-12-23 01:18:17;nakyss;Left-Voice-Channel;Les Boys / OH C UN GAT√©
27-12-23 01:19:58;onizukal;Left-Voice-Channel;Les Boys / OH C UN GAT√©
27-12-23 01:20:00;3l_shimizu;Left-Voice-Channel;Les Boys / OH C UN GAT√©
27-12-23 02:03:27;gringofrere;Join-Voice-Channel;Les Boys / OH C UN GAT√©
27-12-23 02:03:30;3l_shimizu;Join-Voice-Channel;Les Boys / OH C UN GAT√©
27-12-23 03:06:49;gringofrere;Left-Voice-Channel;Les Boys / OH C UN GAT√©
27-12-23 03:06:50;3l_shimizu;Left-Voice-Channel;Les Boys / OH C UN GAT√©
27-12-23 04:18:08;nakyss;Join-Voice-Channel;Serveur test de Nakyss / G√©n√©ral
27-12-23 04:18:21;nakyss;Left-Voice-Channel;Serveur test de Nakyss / G√©n√©ral
27-12-23 04:27:17;nakyss;Join-Voice-Channel;Serveur test de Nakyss / G√©n√©ral
27-12-23 04:27:25;nakyss;Left-Voice-Channel;Serveur test de Nakyss / G√©n√©ral
27-12-23 05:00:28;nakyss;Join-Voice-Channel;Serveur test de Nakyss / G√©n√©ral
27-12-23 05:00:45;nakyss;Left-Voice-Channel;Serveur test de Nakyss / G√©n√©ral
27-12-23 05:12:21;nakyss;Join-Voice-Channel;Serveur test de Nakyss / G√©n√©ral
27-12-23 05:13:02;nakyss;Left-Voice-Channel;Serveur test de Nakyss / G√©n√©ral
27-12-23 05:13:18;nakyss;Join-Voice-Channel;Serveur test de Nakyss / G√©n√©ral
27-12-23 05:13:25;nakyss;Left-Voice-Channel;Serveur test de Nakyss / G√©n√©ral
27-12-23 05:13:30;nakyss;Send-3-'oui';Serveur test de Nakyss / g√©n√©ral
27-12-23 05:19:35;nakyss;Join-Voice-Channel;Les Boys / OH C UN GAT√©
27-12-23 05:19:48;nakyss;Left-Voice-Channel;Les Boys / OH C UN GAT√©
27-12-23 06:42:43;nakyss;Join-Voice-Channel;Les Boys / OH C UN GAT√©
27-12-23 06:44:24;nakyss;Left-Voice-Channel;Les Boys / OH C UN GAT√©
27-12-23 14:22:11;nakyss;Join-Voice-Channel;Les Boys / OH C UN GAT√©
27-12-23 14:22:22;nakyss;Send-25-'TRIPLE MONSTRE';Les Boys / üí¨-g√©n√©ral
27-12-23 14:26:06;onizukal;Join-Voice-Channel;Les Boys / OH C UN GAT√©
27-12-23 14:29:48;onizukal;Left-Voice-Channel;Les Boys / OH C UN GAT√©
27-12-23 16:40:34;onizukal;Join-Voice-Channel;Les Boys / OH C UN GAT√©
27-12-23 16:49:19;3l_shimizu;Join-Voice-Channel;Les Boys / OH C UN GAT√©
27-12-23 17:45:32;3l_shimizu;Left-Voice-Channel;Les Boys / OH C UN GAT√©
27-12-23 17:45:39;3l_shimizu;Join-Voice-Channel;Les Boys / OH C UN GAT√©
27-12-23 17:45:52;onizukal;Left-Voice-Channel;Les Boys / OH C UN GAT√©
27-12-23 17:45:56;onizukal;Join-Voice-Channel;Les Boys / OH C UN GAT√©
27-12-23 17:46:05;3l_shimizu;Left-Voice-Channel;Les Boys / OH C UN GAT√©
27-12-23 19:22:55;onizukal;Left-Voice-Channel;Les Boys / OH C UN GAT√©
27-12-23 19:22:57;onizukal;Join-Voice-Channel;Les Boys / OH C UN GAT√©
27-12-23 20:10:37;naga;Join-Voice-Channel;Les Boys / OH C UN GAT√©
27-12-23 21:09:36;3l_shimizu;Join-Voice-Channel;Les Boys / OH C UN GAT√©
27-12-23 21:11:13;3l_shimizu;Left-Voice-Channel;Les Boys / OH C UN GAT√©
27-12-23 21:11:18;nakyss;Left-Voice-Channel;Les Boys / OH C UN GAT√©
27-12-23 21:11:18;3l_shimizu;Join-Voice-Channel;Les Boys / OH C UN GAT√©
27-12-23 21:11:19;nakyss;Join-Voice-Channel;Les Boys / OH C UN GAT√©
27-12-23 21:15:22;3l_shimizu;Left-Voice-Channel;Les Boys / OH C UN GAT√©
27-12-23 21:53:17;naga;Left-Voice-Channel;Les Boys / OH C UN GAT√©
27-12-23 22:17:00;naga;Join-Voice-Channel;Les Boys / OH C UN GAT√©
27-12-23 22:17:33;naga;Left-Voice-Channel;Les Boys / OH C UN GAT√©
27-12-23 22:59:57;honeyy0229;Join-Voice-Channel;Les Boys / OH C UN GAT√©
27-12-23 23:12:37;3l_shimizu;Join-Voice-Channel;Les Boys / OH C UN GAT√©
27-12-23 23:29:22;honeyy0229;Left-Voice-Channel;Les Boys / OH C UN GAT√©
27-12-23 23:35:54;3l_shimizu;Left-Voice-Channel;Les Boys / OH C UN GAT√©
28-12-23 01:27:37;nakyss;Left-Voice-Channel;Les Boys / OH C UN GAT√©
28-12-23 01:27:41;nakyss;Join-Voice-Channel;Les Boys / OH C UN GAT√©
28-12-23 01:28:18;onizukal;Left-Voice-Channel;Les Boys / OH C UN GAT√©
28-12-23 01:28:22;onizukal;Join-Voice-Channel;Les Boys / OH C UN GAT√©
28-12-23 01:57:06;3l_shimizu;Join-Voice-Channel;Les Boys / OH C UN GAT√©
28-12-23 02:02:51;3l_shimizu;Left-Voice-Channel;Les Boys / OH C UN GAT√©
28-12-23 02:20:35;nakyss;Left-Voice-Channel;Les Boys / OH C UN GAT√©
28-12-23 02:30:41;onizukal;Left-Voice-Channel;Les Boys / OH C UN GAT√©
28-12-23 14:12:57;nakyss;Join-Voice-Channel;Les Boys / OH C UN GAT√©
28-12-23 15:37:38;nakyss;Left-Voice-Channel;Les Boys / OH C UN GAT√©
28-12-23 16:05:18;onizukal;Join-Voice-Channel;Les Boys / OH C UN GAT√©
28-12-23 16:13:44;nakyss;Join-Voice-Channel;Les Boys / OH C UN GAT√©
28-12-23 19:07:39;nakyss;Left-Voice-Channel;Les Boys / OH C UN GAT√©
28-12-23 19:07:42;nakyss;Join-Voice-Channel;Les Boys / OH C UN GAT√©
28-12-23 19:36:05;nakyss;Left-Voice-Channel;Les Boys / OH C UN GAT√©
28-12-23 20:43:01;nakyss;Join-Voice-Channel;Les Boys / OH C UN GAT√©
28-12-23 20:49:44;nakyss;Send-15-'<@471980403188695051>';Les Boys / üí¨-g√©n√©ral
28-12-23 20:54:28;3l_shimizu;Join-Voice-Channel;Les Boys / OH C UN GAT√©
28-12-23 20:54:52;nakyss;Send-500-'<@849010802995757067>';Les Boys / üí¨-g√©n√©ral
28-12-23 21:09:19;nakyss;Left-Voice-Channel;Les Boys / OH C UN GAT√©
28-12-23 21:09:21;nakyss;Join-Voice-Channel;Les Boys / OH C UN GAT√©
28-12-23 21:09:32;3l_shimizu;Left-Voice-Channel;Les Boys / OH C UN GAT√©
28-12-23 21:09:33;3l_shimizu;Join-Voice-Channel;Les Boys / OH C UN GAT√©
28-12-23 21:09:33;onizukal;Left-Voice-Channel;Les Boys / OH C UN GAT√©
28-12-23 21:09:34;onizukal;Join-Voice-Channel;Les Boys / OH C UN GAT√©
28-12-23 21:09:39;nakyss;Left-Voice-Channel;Les Boys / OH C UN GAT√©
28-12-23 21:09:45;3l_shimizu;Left-Voice-Channel;Les Boys / OH C UN GAT√©
28-12-23 21:09:49;3l_shimizu;Join-Voice-Channel;Les Boys / OH C UN GAT√©
28-12-23 21:09:53;nakyss;Join-Voice-Channel;Les Boys / OH C UN GAT√©
28-12-23 21:10:11;onizukal;Left-Voice-Channel;Les Boys / OH C UN GAT√©
28-12-23 21:10:11;onizukal;Join-Voice-Channel;Les Boys / OH C UN GAT√©
28-12-23 21:10:12;onizukal;Left-Voice-Channel;Les Boys / OH C UN GAT√©
28-12-23 21:10:13;onizukal;Join-Voice-Channel;Les Boys / OH C UN GAT√©
28-12-23 21:10:14;onizukal;Left-Voice-Channel;Les Boys / OH C UN GAT√©
28-12-23 21:10:14;onizukal;Join-Voice-Channel;Les Boys / OH C UN GAT√©
28-12-23 21:10:15;onizukal;Left-Voice-Channel;Les Boys / OH C UN GAT√©
28-12-23 21:10:16;onizukal;Join-Voice-Channel;Les Boys / OH C UN GAT√©
28-12-23 21:10:17;onizukal;Left-Voice-Channel;Les Boys / OH C UN GAT√©
28-12-23 21:10:17;onizukal;Join-Voice-Channel;Les Boys / OH C UN GAT√©
28-12-23 21:10:18;onizukal;Left-Voice-Channel;Les Boys / OH C UN GAT√©
28-12-23 21:10:19;onizukal;Join-Voice-Channel;Les Boys / OH C UN GAT√©
28-12-23 21:10:20;nakyss;Left-Voice-Channel;Les Boys / OH C UN GAT√©
28-12-23 21:10:20;onizukal;Left-Voice-Channel;Les Boys / OH C UN GAT√©
28-12-23 21:10:21;onizukal;Join-Voice-Channel;Les Boys / OH C UN GAT√©
28-12-23 21:10:23;nakyss;Join-Voice-Channel;Les Boys / salon aaifquaka
28-12-23 21:10:25;nakyss;Left-Voice-Channel;Les Boys / salon aaifquaka
28-12-23 21:10:26;3l_shimizu;Left-Voice-Channel;Les Boys / OH C UN GAT√©
28-12-23 21:10:26;3l_shimizu;Join-Voice-Channel;Les Boys / OH C UN GAT√©
28-12-23 21:10:27;3l_shimizu;Left-Voice-Channel;Les Boys / OH C UN GAT√©
28-12-23 21:10:28;3l_shimizu;Join-Voice-Channel;Les Boys / OH C UN GAT√©
28-12-23 21:10:28;3l_shimizu;Left-Voice-Channel;Les Boys / OH C UN GAT√©
28-12-23 21:10:29;3l_shimizu;Join-Voice-Channel;Les Boys / OH C UN GAT√©
28-12-23 21:10:32;onizukal;Left-Voice-Channel;Les Boys / OH C UN GAT√©
28-12-23 21:10:33;nakyss;Join-Voice-Channel;Serveur test de Nakyss / G√©n√©ral
28-12-23 21:10:35;3l_shimizu;Left-Voice-Channel;Les Boys / OH C UN GAT√©
28-12-23 21:10:41;onizukal;Join-Voice-Channel;Les Boys / OH C UN GAT√©
28-12-23 21:10:42;nakyss;Left-Voice-Channel;Serveur test de Nakyss / G√©n√©ral
28-12-23 21:10:42;nakyss;Join-Voice-Channel;Les Boys / OH C UN GAT√©
28-12-23 21:10:43;3l_shimizu;Join-Voice-Channel;Les Boys / OH C UN GAT√©
28-12-23 21:11:07;3l_shimizu;Left-Voice-Channel;Les Boys / OH C UN GAT√©
28-12-23 21:11:08;3l_shimizu;Join-Voice-Channel;Les Boys / OH C UN GAT√©
28-12-23 21:11:09;3l_shimizu;Left-Voice-Channel;Les Boys / OH C UN GAT√©
28-12-23 21:11:09;3l_shimizu;Join-Voice-Channel;Les Boys / OH C UN GAT√©
28-12-23 21:11:10;3l_shimizu;Left-Voice-Channel;Les Boys / OH C UN GAT√©
28-12-23 21:11:11;3l_shimizu;Join-Voice-Channel;Les Boys / OH C UN GAT√©
28-12-23 21:12:13;3l_shimizu;Left-Voice-Channel;Les Boys / OH C UN GAT√©
28-12-23 21:15:18;3l_shimizu;Join-Voice-Channel;Les Boys / OH C UN GAT√©
28-12-23 21:15:26;3l_shimizu;Left-Voice-Channel;Les Boys / OH C UN GAT√©
28-12-23 21:35:51;3l_shimizu;Join-Voice-Channel;Les Boys / OH C UN GAT√©
28-12-23 21:37:47;3l_shimizu;Left-Voice-Channel;Les Boys / OH C UN GAT√©
28-12-23 21:38:00;3l_shimizu;Join-Voice-Channel;Les Boys / OH C UN GAT√©
28-12-23 21:42:34;nakyss;Left-Voice-Channel;Les Boys / OH C UN GAT√©
28-12-23 21:42:36;nakyss;Join-Voice-Channel;Serveur test de Nakyss / G√©n√©ral
28-12-23 21:42:55;nakyss;Left-Voice-Channel;Serveur test de Nakyss / G√©n√©ral
28-12-23 21:42:55;nakyss;Join-Voice-Channel;Les Boys / OH C UN GAT√©
28-12-23 21:45:59;nakyss;Left-Voice-Channel;Les Boys / OH C UN GAT√©
28-12-23 21:45:59;nakyss;Join-Voice-Channel;Serveur test de Nakyss / G√©n√©ral
28-12-23 21:45:59;beta bot;Join-Voice-Channel;Serveur test de Nakyss / G√©n√©ral
28-12-23 21:46:27;nakyss;Left-Voice-Channel;Serveur test de Nakyss / G√©n√©ral
28-12-23 21:46:27;nakyss;Join-Voice-Channel;Les Boys / OH C UN GAT√©
28-12-23 21:47:02;beta bot;Left-Voice-Channel;Serveur test de Nakyss / G√©n√©ral
28-12-23 21:52:32;nakyss;Left-Voice-Channel;Les Boys / OH C UN GAT√©
28-12-23 21:52:32;nakyss;Join-Voice-Channel;Serveur test de Nakyss / G√©n√©ral
28-12-23 21:52:32;beta bot;Join-Voice-Channel;Serveur test de Nakyss / G√©n√©ral
28-12-23 21:52:35;beta bot;Left-Voice-Channel;Serveur test de Nakyss / G√©n√©ral
28-12-23 21:52:35;beta bot;Join-Voice-Channel;Serveur test de Nakyss / G√©n√©ral
28-12-23 21:52:45;beta bot;Left-Voice-Channel;Serveur test de Nakyss / G√©n√©ral
28-12-23 21:52:48;nakyss;Left-Voice-Channel;Serveur test de Nakyss / G√©n√©ral
28-12-23 21:52:50;nakyss;Join-Voice-Channel;Les Boys / OH C UN GAT√©
28-12-23 21:53:02;onizukal;Left-Voice-Channel;Les Boys / OH C UN GAT√©
28-12-23 21:53:02;onizukal;Join-Voice-Channel;Serveur test de Nakyss / G√©n√©ral
28-12-23 21:53:02;beta bot;Join-Voice-Channel;Serveur test de Nakyss / G√©n√©ral
28-12-23 21:53:09;beta bot;Left-Voice-Channel;Serveur test de Nakyss / G√©n√©ral
28-12-23 21:53:10;onizukal;Left-Voice-Channel;Serveur test de Nakyss / G√©n√©ral
28-12-23 21:53:10;onizukal;Join-Voice-Channel;Les Boys / OH C UN GAT√©
28-12-23 21:56:45;nakyss;Left-Voice-Channel;Les Boys / OH C UN GAT√©
28-12-23 21:56:45;nakyss;Join-Voice-Channel;Serveur test de Nakyss / G√©n√©ral
28-12-23 21:56:53;nakyss;Join-Voice-Channel;Les Boys / OH C UN GAT√©
28-12-23 21:56:53;nakyss;Left-Voice-Channel;Serveur test de Nakyss / G√©n√©ral
28-12-23 21:59:08;nakyss;Left-Voice-Channel;Les Boys / OH C UN GAT√©
28-12-23 21:59:08;nakyss;Join-Voice-Channel;Serveur test de Nakyss / G√©n√©ral
28-12-23 21:59:08;beta bot;Join-Voice-Channel;Serveur test de Nakyss / G√©n√©ral
28-12-23 21:59:16;beta bot;Left-Voice-Channel;Serveur test de Nakyss / G√©n√©ral
28-12-23 21:59:24;nakyss;Join-Voice-Channel;Les Boys / OH C UN GAT√©
28-12-23 21:59:24;nakyss;Left-Voice-Channel;Serveur test de Nakyss / G√©n√©ral
28-12-23 22:01:58;nakyss;Left-Voice-Channel;Les Boys / OH C UN GAT√©
28-12-23 22:01:58;nakyss;Join-Voice-Channel;Serveur test de Nakyss / G√©n√©ral
28-12-23 22:01:58;beta bot;Join-Voice-Channel;Serveur test de Nakyss / G√©n√©ral
28-12-23 22:02:06;beta bot;Left-Voice-Channel;Serveur test de Nakyss / G√©n√©ral
28-12-23 22:02:12;nakyss;Left-Voice-Channel;Serveur test de Nakyss / G√©n√©ral
28-12-23 22:02:13;nakyss;Join-Voice-Channel;Serveur test de Nakyss / G√©n√©ral
28-12-23 22:02:13;beta bot;Join-Voice-Channel;Serveur test de Nakyss / G√©n√©ral
28-12-23 22:02:20;beta bot;Left-Voice-Channel;Serveur test de Nakyss / G√©n√©ral
28-12-23 22:02:22;nakyss;Left-Voice-Channel;Serveur test de Nakyss / G√©n√©ral
28-12-23 22:02:23;nakyss;Join-Voice-Channel;Serveur test de Nakyss / G√©n√©ral
28-12-23 22:02:23;beta bot;Join-Voice-Channel;Serveur test de Nakyss / G√©n√©ral
28-12-23 22:02:32;beta bot;Left-Voice-Channel;Serveur test de Nakyss / G√©n√©ral
28-12-23 22:02:41;nakyss;Left-Voice-Channel;Serveur test de Nakyss / G√©n√©ral
28-12-23 22:02:41;nakyss;Join-Voice-Channel;Les Boys / OH C UN GAT√©
28-12-23 22:08:11;nakyss;Left-Voice-Channel;Les Boys / OH C UN GAT√©
28-12-23 22:08:11;nakyss;Join-Voice-Channel;Serveur test de Nakyss / G√©n√©ral
28-12-23 22:08:11;beta bot;Join-Voice-Channel;Serveur test de Nakyss / G√©n√©ral
28-12-23 22:08:14;beta bot;Left-Voice-Channel;Serveur test de Nakyss / G√©n√©ral
28-12-23 22:08:41;nakyss;Left-Voice-Channel;Serveur test de Nakyss / G√©n√©ral
28-12-23 22:08:42;nakyss;Join-Voice-Channel;Serveur test de Nakyss / G√©n√©ral
28-12-23 22:08:42;beta bot;Join-Voice-Channel;Serveur test de Nakyss / G√©n√©ral
28-12-23 22:08:44;beta bot;Left-Voice-Channel;Serveur test de Nakyss / G√©n√©ral
28-12-23 22:09:33;nakyss;Left-Voice-Channel;Serveur test de Nakyss / G√©n√©ral
28-12-23 22:09:34;nakyss;Join-Voice-Channel;Serveur test de Nakyss / G√©n√©ral
28-12-23 22:09:39;beta bot;Join-Voice-Channel;Serveur test de Nakyss / G√©n√©ral
28-12-23 22:09:47;beta bot;Left-Voice-Channel;Serveur test de Nakyss / G√©n√©ral
28-12-23 22:09:49;nakyss;Left-Voice-Channel;Serveur test de Nakyss / G√©n√©ral
28-12-23 22:09:50;nakyss;Join-Voice-Channel;Serveur test de Nakyss / G√©n√©ral
28-12-23 22:09:55;beta bot;Join-Voice-Channel;Serveur test de Nakyss / G√©n√©ral
28-12-23 22:10:03;beta bot;Left-Voice-Channel;Serveur test de Nakyss / G√©n√©ral
28-12-23 22:10:07;nakyss;Left-Voice-Channel;Serveur test de Nakyss / G√©n√©ral
28-12-23 22:10:07;nakyss;Join-Voice-Channel;Les Boys / OH C UN GAT√©
28-12-23 22:10:22;3l_shimizu;Left-Voice-Channel;Les Boys / OH C UN GAT√©
28-12-23 22:10:41;3l_shimizu;Join-Voice-Channel;Les Boys / OH C UN GAT√©
28-12-23 22:13:27;3l_shimizu;Left-Voice-Channel;Les Boys / OH C UN GAT√©
28-12-23 22:15:07;onizukal;Left-Voice-Channel;Les Boys / OH C UN GAT√©
28-12-23 22:15:07;onizukal;Join-Voice-Channel;Serveur test de Nakyss / test
28-12-23 22:15:13;beta bot;Join-Voice-Channel;Serveur test de Nakyss / test
28-12-23 22:15:17;nakyss;Left-Voice-Channel;Les Boys / OH C UN GAT√©
28-12-23 22:15:17;nakyss;Join-Voice-Channel;Serveur test de Nakyss / G√©n√©ral
28-12-23 22:15:32;nakyss;Left-Voice-Channel;Serveur test de Nakyss / G√©n√©ral
28-12-23 22:15:33;nakyss;Join-Voice-Channel;Serveur test de Nakyss / test
28-12-23 22:16:04;onizukal;Left-Voice-Channel;Serveur test de Nakyss / test
28-12-23 22:16:04;onizukal;Join-Voice-Channel;Les Boys / OH C UN GAT√©
28-12-23 22:16:05;nakyss;Left-Voice-Channel;Serveur test de Nakyss / test
28-12-23 22:16:05;nakyss;Join-Voice-Channel;Les Boys / OH C UN GAT√©
28-12-23 22:16:12;beta bot;Left-Voice-Channel;Serveur test de Nakyss / test
28-12-23 22:18:25;nakyss;Left-Voice-Channel;Les Boys / OH C UN GAT√©
28-12-23 22:18:25;nakyss;Join-Voice-Channel;Serveur test de Nakyss / G√©n√©ral
28-12-23 22:18:30;beta bot;Join-Voice-Channel;Serveur test de Nakyss / G√©n√©ral
28-12-23 22:18:34;nakyss;Left-Voice-Channel;Serveur test de Nakyss / G√©n√©ral
28-12-23 22:18:36;nakyss;Join-Voice-Channel;Les Boys / OH C UN GAT√©
28-12-23 22:18:41;beta bot;Join-Voice-Channel;Les Boys / OH C UN GAT√©
28-12-23 22:19:03;beta bot;Left-Voice-Channel;Les Boys / OH C UN GAT√©
28-12-23 22:19:14;nakyss;Left-Voice-Channel;Les Boys / OH C UN GAT√©
28-12-23 22:19:14;nakyss;Join-Voice-Channel;Serveur test de Nakyss / G√©n√©ral
28-12-23 22:19:19;nakyss;Left-Voice-Channel;Serveur test de Nakyss / G√©n√©ral
28-12-23 22:19:19;nakyss;Join-Voice-Channel;Les Boys / OH C UN GAT√©
28-12-23 22:19:24;beta bot;Join-Voice-Channel;Les Boys / OH C UN GAT√©
28-12-23 22:19:28;beta bot;Left-Voice-Channel;Les Boys / OH C UN GAT√©
28-12-23 22:20:21;beta bot;Left-Voice-Channel;Serveur test de Nakyss / G√©n√©ral
28-12-23 22:35:18;nakyss;Left-Voice-Channel;Les Boys / OH C UN GAT√©
28-12-23 22:35:18;nakyss;Join-Voice-Channel;Serveur test de Nakyss / G√©n√©ral
28-12-23 22:35:26;onizukal;Left-Voice-Channel;Les Boys / OH C UN GAT√©
28-12-23 22:35:26;onizukal;Join-Voice-Channel;Serveur test de Nakyss / G√©n√©ral
28-12-23 22:38:59;onizukal;Left-Voice-Channel;Serveur test de Nakyss / G√©n√©ral
28-12-23 22:38:59;onizukal;Join-Voice-Channel;Les Boys / OH C UN GAT√©
28-12-23 22:39:00;nakyss;Left-Voice-Channel;Serveur test de Nakyss / G√©n√©ral
28-12-23 22:39:00;nakyss;Join-Voice-Channel;Les Boys / OH C UN GAT√©
28-12-23 22:51:21;3l_shimizu;Join-Voice-Channel;Les Boys / OH C UN GAT√©
28-12-23 23:32:01;nakyss;Left-Voice-Channel;Les Boys / OH C UN GAT√©
28-12-23 23:32:01;nakyss;Join-Voice-Channel;Serveur test de Nakyss / G√©n√©ral
28-12-23 23:32:40;nakyss;Left-Voice-Channel;Serveur test de Nakyss / test
28-12-23 23:32:40;nakyss;Join-Voice-Channel;Les Boys / OH C UN GAT√©
28-12-23 23:34:13;nakyss;Left-Voice-Channel;Les Boys / OH C UN GAT√©
28-12-23 23:34:13;nakyss;Join-Voice-Channel;Serveur test de Nakyss / G√©n√©ral
28-12-23 23:34:18;beta bot;Join-Voice-Channel;Serveur test de Nakyss / G√©n√©ral
28-12-23 23:34:47;beta bot;Left-Voice-Channel;Serveur test de Nakyss / G√©n√©ral
28-12-23 23:35:49;3l_shimizu;Left-Voice-Channel;Les Boys / OH C UN GAT√©
28-12-23 23:36:06;nakyss;Left-Voice-Channel;Serveur test de Nakyss / test
28-12-23 23:36:07;nakyss;Join-Voice-Channel;Serveur test de Nakyss / G√©n√©ral
28-12-23 23:36:09;beta bot;Join-Voice-Channel;Serveur test de Nakyss / G√©n√©ral
28-12-23 23:36:39;beta bot;Left-Voice-Channel;Serveur test de Nakyss / G√©n√©ral
28-12-23 23:36:44;nakyss;Left-Voice-Channel;Serveur test de Nakyss / G√©n√©ral
28-12-23 23:36:47;nakyss;Join-Voice-Channel;Serveur test de Nakyss / G√©n√©ral
28-12-23 23:36:49;beta bot;Join-Voice-Channel;Serveur test de Nakyss / G√©n√©ral
28-12-23 23:37:04;beta bot;Left-Voice-Channel;Serveur test de Nakyss / G√©n√©ral
28-12-23 23:37:07;nakyss;Left-Voice-Channel;Serveur test de Nakyss / G√©n√©ral
28-12-23 23:37:11;nakyss;Join-Voice-Channel;Serveur test de Nakyss / G√©n√©ral
28-12-23 23:37:13;beta bot;Join-Voice-Channel;Serveur test de Nakyss / G√©n√©ral
28-12-23 23:37:21;beta bot;Left-Voice-Channel;Serveur test de Nakyss / G√©n√©ral
28-12-23 23:37:34;nakyss;Left-Voice-Channel;Serveur test de Nakyss / G√©n√©ral
28-12-23 23:37:34;nakyss;Join-Voice-Channel;Les Boys / OH C UN GAT√©
28-12-23 23:47:56;nakyss;Left-Voice-Channel;Les Boys / OH C UN GAT√©
28-12-23 23:47:56;nakyss;Join-Voice-Channel;Serveur test de Nakyss / G√©n√©ral
28-12-23 23:48:29;nakyss;Left-Voice-Channel;Serveur test de Nakyss / G√©n√©ral
28-12-23 23:52:46;nakyss;Join-Voice-Channel;Serveur test de Nakyss / G√©n√©ral
28-12-23 23:52:59;nakyss;Left-Voice-Channel;Serveur test de Nakyss / G√©n√©ral
28-12-23 23:54:14;nakyss;Join-Voice-Channel;Serveur test de Nakyss / G√©n√©ral
28-12-23 23:54:23;nakyss;Send-3-'test';Serveur test de Nakyss / g√©n√©ral
28-12-23 23:54:59;beta bot;Join-Voice-Channel;Serveur test de Nakyss / G√©n√©ral
28-12-23 23:55:06;beta bot;Left-Voice-Channel;Serveur test de Nakyss / G√©n√©ral
29-12-23 00:00:43;nakyss;Left-Voice-Channel;Serveur test de Nakyss / G√©n√©ral
29-12-23 00:00:43;nakyss;Join-Voice-Channel;Les Boys / OH C UN GAT√©
29-12-23 00:06:01;nakyss;Left-Voice-Channel;Les Boys / OH C UN GAT√©
29-12-23 00:06:09;nakyss;Join-Voice-Channel;Les Boys / OH C UN GAT√©
29-12-23 00:06:20;nakyss;Left-Voice-Channel;Les Boys / OH C UN GAT√©
29-12-23 00:06:20;nakyss;Join-Voice-Channel;Serveur test de Nakyss / G√©n√©ral
29-12-23 00:06:28;onizukal;Left-Voice-Channel;Les Boys / OH C UN GAT√©
29-12-23 00:06:28;onizukal;Join-Voice-Channel;Serveur test de Nakyss / G√©n√©ral
29-12-23 00:07:05;beta bot;Join-Voice-Channel;Serveur test de Nakyss / G√©n√©ral
29-12-23 00:07:13;beta bot;Left-Voice-Channel;Serveur test de Nakyss / G√©n√©ral
29-12-23 00:08:54;nakyss;Left-Voice-Channel;Serveur test de Nakyss / G√©n√©ral
29-12-23 00:08:55;nakyss;Join-Voice-Channel;Serveur test de Nakyss / G√©n√©ral
29-12-23 00:09:40;beta bot;Join-Voice-Channel;Serveur test de Nakyss / G√©n√©ral
29-12-23 00:09:48;beta bot;Left-Voice-Channel;Serveur test de Nakyss / G√©n√©ral
29-12-23 00:11:03;nakyss;Left-Voice-Channel;Serveur test de Nakyss / G√©n√©ral
29-12-23 00:11:04;nakyss;Join-Voice-Channel;Serveur test de Nakyss / G√©n√©ral
29-12-23 00:11:36;nakyss;Send-3-'test';Serveur test de Nakyss / g√©n√©ral
29-12-23 00:11:49;beta bot;Join-Voice-Channel;Serveur test de Nakyss / G√©n√©ral
29-12-23 00:11:56;beta bot;Left-Voice-Channel;Serveur test de Nakyss / G√©n√©ral
29-12-23 00:16:02;nakyss;Left-Voice-Channel;Serveur test de Nakyss / G√©n√©ral
29-12-23 00:16:19;onizukal;Left-Voice-Channel;Serveur test de Nakyss / G√©n√©ral
29-12-23 00:16:19;onizukal;Join-Voice-Channel;Les Boys / OH C UN GAT√©
29-12-23 01:03:19;onizukal;Left-Voice-Channel;Les Boys / OH C UN GAT√©
29-12-23 13:37:37;nakyss;Send-3-'test';Serveur test de Nakyss / g√©n√©ral
29-12-23 13:38:44;nakyss;Join-Voice-Channel;Serveur test de Nakyss / G√©n√©ral
29-12-23 13:39:00;beta bot;Join-Voice-Channel;Serveur test de Nakyss / G√©n√©ral
29-12-23 13:39:08;beta bot;Left-Voice-Channel;Serveur test de Nakyss / G√©n√©ral
29-12-23 13:39:15;nakyss;Left-Voice-Channel;Serveur test de Nakyss / G√©n√©ral
29-12-23 13:42:43;nakyss;Join-Voice-Channel;Serveur test de Nakyss / G√©n√©ral
29-12-23 13:42:45;beta bot;Join-Voice-Channel;Serveur test de Nakyss / G√©n√©ral
29-12-23 13:42:52;beta bot;Left-Voice-Channel;Serveur test de Nakyss / G√©n√©ral
29-12-23 13:43:03;beta bot;Join-Voice-Channel;Serveur test de Nakyss / G√©n√©ral
29-12-23 13:43:06;nakyss;Send-2-'test';Serveur test de Nakyss / g√©n√©ral
29-12-23 13:43:11;beta bot;Left-Voice-Channel;Serveur test de Nakyss / G√©n√©ral
29-12-23 13:43:16;beta bot;Join-Voice-Channel;Serveur test de Nakyss / G√©n√©ral
29-12-23 13:43:24;beta bot;Left-Voice-Channel;Serveur test de Nakyss / G√©n√©ral
29-12-23 13:43:33;beta bot;Join-Voice-Channel;Serveur test de Nakyss / G√©n√©ral
29-12-23 13:43:40;beta bot;Left-Voice-Channel;Serveur test de Nakyss / G√©n√©ral
29-12-23 13:51:31;beta bot;Join-Voice-Channel;Serveur test de Nakyss / G√©n√©ral
29-12-23 13:52:01;beta bot;Left-Voice-Channel;Serveur test de Nakyss / G√©n√©ral
29-12-23 13:52:19;beta bot;Join-Voice-Channel;Serveur test de Nakyss / G√©n√©ral
29-12-23 13:52:49;beta bot;Left-Voice-Channel;Serveur test de Nakyss / G√©n√©ral
29-12-23 13:53:40;nakyss;Left-Voice-Channel;Serveur test de Nakyss / G√©n√©ral
29-12-23 13:58:36;nakyss;Join-Voice-Channel;Les Boys / OH C UN GAT√©
29-12-23 13:58:46;Bot2con;Play-music-start;Les Boys / OH C UN GAT√©
02-01-24 23:33:29;beta bot;Play-music-start;Serveur test de Nakyss / GÈnÈral
02-01-24 23:33:58;beta bot;Play-music-start;Serveur test de Nakyss / GÈnÈral
02-01-24 23:34:24;nakyss;Left-Voice-Channel;Serveur test de Nakyss / GÈnÈral
06-01-24 02:11:34;nakyss;Join-Voice-Channel;Serveur test de Nakyss / GÈnÈral
06-01-24 02:11:51;beta bot;Play-music-start;Serveur test de Nakyss / GÈnÈral
06-01-24 02:12:27;beta bot;Play-music-start;Serveur test de Nakyss / GÈnÈral
06-01-24 02:14:18;beta bot;Play-music-start;Serveur test de Nakyss / GÈnÈral
08-01-24 19:48:14;nakyss;Join-Voice-Channel;Serveur test de Nakyss / GÈnÈral
08-01-24 19:48:27;nakyss;Left-Voice-Channel;Serveur test de Nakyss / GÈnÈral
08-01-24 19:48:33;beta bot;Play-music-but-nobody-in-channel;Serveur test de Nakyss / GÈnÈral
